{
    "train_loss": [
        3.0184510471343993,
        2.235197361946106,
        1.8765630237579345,
        1.6134402675628663,
        1.3850983813285829,
        1.1854459614753723,
        1.010130924320221,
        0.8536491682529449,
        0.7382794342517853,
        0.6493390804290772,
        0.5461088669061661,
        0.48653478035926817,
        0.43983423614501954,
        0.18386771568655969,
        0.0855371197104454,
        0.08021309648752213,
        0.11510273123085499,
        0.1256800321787596,
        0.1162550283640623,
        0.11201288847029209,
        0.04605242766141891,
        0.018728517471812665,
        0.014816794486716389,
        0.018914798052050173,
        0.03151044390648603,
        0.03553769920375198,
        0.030720483861677347,
        0.020781168876588346,
        0.01236305305995047,
        0.007431727223657072,
        0.006559046292677522,
        0.0069837325165979566,
        0.006572956948634237,
        0.008114407845400275,
        0.008599326555617154,
        0.008133733042143286,
        0.0074832135588862,
        0.009580393840372563,
        0.007321364306192845,
        0.0050891709221526985,
        0.0033760939456522463,
        0.003403392709651962,
        0.0031578087947331367,
        0.003268757318193093,
        0.0029038866101764142,
        0.003253349217446521,
        0.004291884053591639,
        0.0039031678811646997,
        0.0040529491232708095,
        0.004538101914990694
    ],
    "train_acc": [
        25.4925,
        40.5075,
        48.695,
        54.58,
        59.89,
        65.18,
        69.5525,
        74.135,
        77.32,
        79.74,
        82.6375,
        84.7925,
        85.965,
        94.26,
        97.3875,
        97.5325,
        96.3,
        96.035,
        96.34,
        96.3625,
        98.7,
        99.6,
        99.6925,
        99.5,
        99.1425,
        98.9525,
        99.14,
        99.5175,
        99.7225,
        99.8575,
        99.895,
        99.8725,
        99.8775,
        99.8525,
        99.83,
        99.8675,
        99.875,
        99.8225,
        99.895,
        99.9225,
        99.965,
        99.955,
        99.9625,
        99.965,
        99.97,
        99.96,
        99.95,
        99.96,
        99.9375,
        99.94
    ],
    "val_loss": [
        2.470647029495239,
        2.2889437492370606,
        2.210915691757202,
        2.017682551574707,
        2.02224827041626,
        2.0166226264953613,
        2.054331230926514,
        2.1961315155029295,
        2.315022165298462,
        2.3600393810272218,
        2.441685132980347,
        2.5119048637390136,
        2.601531844329834,
        2.7246372024536134,
        2.883752670288086,
        3.0508119922637937,
        3.065853463745117,
        3.1290631301879883,
        3.1135859027862547,
        3.1295924530029295,
        2.940820458984375,
        2.967606911087036,
        2.9910509593963623,
        3.0828836837768554,
        3.131945537567139,
        3.138297885131836,
        3.08113185005188,
        3.1063200450897215,
        3.02306675453186,
        3.0153690788269043,
        3.0059580696105956,
        3.004568407058716,
        2.9467172927856446,
        2.963454275894165,
        2.9603906677246092,
        2.957881427383423,
        2.9375463695526123,
        2.9256082626342774,
        2.918771161651611,
        2.8838944129943846,
        2.840934135055542,
        2.8250377658843995,
        2.7944396511077882,
        2.77323369140625,
        2.7451670906066896,
        2.762682748031616,
        2.755137078857422,
        2.71364811706543,
        2.714219329071045,
        2.6831912994384766
    ],
    "val_acc": [
        35.62,
        40.53,
        42.73,
        46.66,
        47.76,
        49.14,
        49.2,
        47.76,
        47.48,
        48.55,
        47.71,
        48.16,
        47.37,
        50.57,
        50.25,
        49.18,
        48.84,
        49.23,
        48.6,
        48.4,
        51.11,
        51.25,
        50.79,
        50.35,
        49.9,
        49.82,
        49.96,
        50.3,
        51.26,
        51.12,
        51.19,
        51.16,
        51.45,
        51.06,
        50.99,
        50.11,
        51.11,
        50.69,
        50.67,
        51.52,
        51.34,
        51.23,
        51.39,
        51.42,
        51.53,
        51.48,
        51.38,
        51.68,
        51.3,
        51.41
    ],
    "test_loss": [
        2.4784764251708986,
        2.265309718322754,
        2.1989733963012696,
        2.0008094062805175,
        2.009165885925293,
        2.0141707321166993,
        2.086607251358032,
        2.223540441894531,
        2.3041338607788084,
        2.357171578979492,
        2.4305734176635743,
        2.5174753017425537,
        2.58550994720459,
        2.699419937133789,
        2.8478594009399414,
        3.0415696365356446,
        3.0691094409942625,
        3.1148108612060548,
        3.1289582614898683,
        3.1249939037323,
        2.9594620182037352,
        2.9802051315307616,
        3.00259712600708,
        3.067022319793701,
        3.154034976577759,
        3.148424336242676,
        3.1001568397521972,
        3.1386859794616697,
        3.0474934623718264,
        3.053628185272217,
        3.0191256999969482,
        3.0175761665344236,
        2.9740070068359374,
        2.974261570739746,
        2.9737925621032715,
        2.9712421279907226,
        2.949950182723999,
        2.95757142868042,
        2.921991096115112,
        2.892745777130127,
        2.8544216403961182,
        2.825797290420532,
        2.813549956512451,
        2.7898052513122558,
        2.759746798706055,
        2.760812088775635,
        2.746452299118042,
        2.7222128257751463,
        2.7208009704589844,
        2.679455857849121
    ],
    "test_acc": [
        35.36,
        41.62,
        42.85,
        47.66,
        48.19,
        49.41,
        48.63,
        48.02,
        48.08,
        48.39,
        47.6,
        47.89,
        47.74,
        51.01,
        49.91,
        49.4,
        49.08,
        49.17,
        48.77,
        48.61,
        50.69,
        51.26,
        51.0,
        50.91,
        50.04,
        50.02,
        49.81,
        50.54,
        51.04,
        51.3,
        51.11,
        50.97,
        50.97,
        50.99,
        50.71,
        50.71,
        51.19,
        50.71,
        51.22,
        51.15,
        51.26,
        51.31,
        51.39,
        51.59,
        51.29,
        51.28,
        51.02,
        51.21,
        51.53,
        51.78
    ]
}