{
    "train_loss": [
        2.982706115913391,
        1.986633226585388,
        1.593727179336548,
        1.3124814364433288,
        1.0739691493034362,
        0.8780570458889008,
        0.7011951341629028,
        0.559298950624466,
        0.44467669243812563,
        0.3567754715204239
    ],
    "train_acc": [
        28.095,
        46.3425,
        55.5675,
        62.7175,
        68.9925,
        74.345,
        79.47,
        83.57,
        87.16,
        89.63
    ],
    "val_loss": [
        2.2337700637817384,
        1.9360957210540772,
        1.847473232269287,
        1.8147199813842774,
        1.8323153343200684,
        1.846405244255066,
        1.899851161956787,
        1.9563826498031616,
        2.0322882591247557,
        2.0778034980773925
    ],
    "val_acc": [
        41.63,
        47.71,
        50.32,
        51.74,
        52.19,
        53.02,
        52.39,
        52.95,
        52.69,
        52.66
    ],
    "test_loss": [
        2.240697643280029,
        1.9600343860626221,
        1.8669987762451172,
        1.8340606788635254,
        1.8607268550872802,
        1.871225560760498,
        1.9164967010498046,
        1.9924636089324952,
        2.0449306087493895,
        2.0970272838592527
    ],
    "test_acc": [
        40.3,
        47.21,
        49.76,
        51.47,
        51.41,
        52.23,
        52.81,
        52.17,
        52.42,
        52.84
    ]
}