{
    "train_loss": [
        4.661835555648803,
        3.802524659729004,
        3.4455171737670898,
        3.2141293365478516,
        3.041992278289795,
        2.911300658416748,
        2.813807899856567,
        2.7371388458251955,
        2.6752863510131837,
        2.628941039276123,
        2.5887753559112547,
        2.5568495733261107,
        2.5255730058670043,
        2.503449168586731,
        2.4740342433929445,
        2.4584657598495485,
        2.435813921546936,
        2.4256678928375246,
        2.4195035484313965,
        2.4057228792190553,
        2.387127822113037,
        2.375674411201477,
        2.366136005401611,
        2.360659217453003,
        2.3505056968688964,
        2.347584843444824,
        2.3318577821731568,
        2.3269085355758667,
        2.31898917388916,
        2.0897587438583374,
        2.0481642024993896,
        2.0174251886367798,
        1.9984092935562134,
        1.9826454307556152,
        1.9704721467971802,
        1.9627644660949708,
        1.9380646947860718,
        1.9327483789443969,
        1.7505196210861207,
        1.7093481531143189,
        1.6867402740478517,
        1.6629675382614135,
        1.6508290683746338,
        1.6349204193115234,
        1.6238593282699585,
        1.485766654396057,
        1.4570238679885865,
        1.438184379673004,
        1.4265228667259215
    ],
    "train_acc": [
        3.4975,
        9.815,
        16.085,
        20.27,
        23.4275,
        26.12,
        27.9775,
        29.56,
        30.9175,
        31.7525,
        32.475,
        33.42,
        33.7075,
        34.6325,
        35.025,
        35.4925,
        35.825,
        36.2675,
        36.175,
        36.445,
        37.03,
        37.0575,
        37.2475,
        37.46,
        37.47,
        37.69,
        37.87,
        38.12,
        38.4975,
        43.6675,
        44.36,
        44.9525,
        45.2825,
        45.59,
        45.9975,
        46.2275,
        46.92,
        46.675,
        51.1525,
        51.8125,
        52.6625,
        52.815,
        52.9475,
        53.785,
        53.8725,
        57.5575,
        58.06,
        58.495,
        58.8875
    ],
    "val_loss": [
        4.017616623687744,
        3.617199181365967,
        3.3428967811584474,
        3.248004656219482,
        3.0392969429016112,
        2.903523211669922,
        2.8246092342376707,
        2.8287445976257324,
        2.767171973800659,
        2.7556098541259764,
        2.7365297760009764,
        2.7139754734039307,
        2.8060768020629885,
        2.7771812915802,
        2.6933010078430177,
        2.600319734954834,
        2.543719250869751,
        2.7047882606506346,
        2.5926113368988037,
        2.56666872215271,
        2.578915524673462,
        2.5949875022888182,
        2.511341738128662,
        2.5736917808532715,
        2.7975904621124266,
        2.757425649261475,
        2.604927143859863,
        2.5548677925109864,
        2.5327100051879885,
        2.3848925998687744,
        2.454017664718628,
        2.3887366764068605,
        2.424271529006958,
        2.460401082611084,
        2.4211500751495363,
        2.3887628791809083,
        2.4803752475738525,
        2.4815659866333006,
        2.3463401988983152,
        2.393846002960205,
        2.4447837356567383,
        2.440265975189209,
        2.4617185806274415,
        2.474065915298462,
        2.4676916446685793,
        2.4997072734832764,
        2.5280043350219725,
        2.548550380706787,
        2.5949464527130126
    ],
    "val_acc": [
        6.08,
        13.8,
        17.96,
        20.64,
        23.68,
        26.48,
        27.98,
        28.73,
        29.23,
        30.18,
        30.16,
        31.03,
        29.71,
        29.87,
        31.88,
        33.33,
        34.57,
        31.81,
        33.63,
        33.5,
        32.78,
        33.77,
        34.88,
        34.26,
        30.25,
        30.96,
        34.43,
        33.87,
        34.55,
        38.15,
        37.58,
        38.71,
        38.24,
        37.66,
        38.43,
        38.52,
        37.14,
        37.34,
        40.65,
        39.79,
        39.32,
        39.93,
        39.38,
        38.72,
        39.64,
        39.94,
        39.47,
        39.5,
        38.76
    ],
    "test_loss": [
        4.0190446144104,
        3.633412400817871,
        3.3546005752563475,
        3.284008687210083,
        3.036039109802246,
        2.913265170669556,
        2.8434959125518797,
        2.8235805709838866,
        2.7800743339538574,
        2.7682769805908203,
        2.74781703414917,
        2.709339423751831,
        2.8230328899383546,
        2.7721482849121095,
        2.6979306465148927,
        2.6070603046417236,
        2.54255419921875,
        2.6992495719909666,
        2.6000453899383547,
        2.5619154426574706,
        2.591490404891968,
        2.589563522720337,
        2.5068466205596924,
        2.5982119647979736,
        2.818330876159668,
        2.748146417236328,
        2.6064733470916748,
        2.54473334236145,
        2.5378031227111815,
        2.3660876361846923,
        2.4464052642822267,
        2.3693617935180664,
        2.4057176500320434,
        2.4325417366027833,
        2.4012590156555174,
        2.3824401819229126,
        2.44260991897583,
        2.4675066677093507,
        2.3358408044815064,
        2.3542376689910887,
        2.443605400085449,
        2.4207479047775267,
        2.4296933658599853,
        2.427773951339722,
        2.4278800037384034,
        2.4578841049194335,
        2.4893274917602537,
        2.5052767807006835,
        2.5389626907348632
    ],
    "test_acc": [
        6.44,
        13.37,
        18.09,
        19.74,
        24.22,
        26.57,
        28.16,
        28.96,
        28.68,
        29.71,
        29.82,
        30.53,
        28.65,
        29.58,
        31.2,
        33.08,
        34.08,
        31.56,
        33.82,
        33.99,
        33.19,
        33.95,
        35.57,
        33.51,
        29.68,
        31.23,
        34.23,
        34.26,
        34.46,
        38.4,
        37.93,
        38.65,
        38.57,
        38.39,
        38.29,
        39.0,
        37.97,
        37.33,
        40.71,
        40.59,
        39.34,
        39.8,
        39.57,
        39.43,
        39.22,
        40.21,
        40.04,
        39.99,
        39.81
    ]
}