{
    "train_loss": [
        2.732084222602844,
        1.8834697727203369,
        1.5319613964080812,
        1.2793654604911804,
        1.0668392983436585,
        0.8799643111228943,
        0.7573981111526489,
        0.6099413082361221,
        0.5066002956628799,
        0.456623232793808,
        0.372793048119545,
        0.3303686140537262,
        0.30347662765979766,
        0.1205983080804348,
        0.05479814835786819,
        0.06320108979195356,
        0.08092587455511094,
        0.08091225483492016,
        0.078136051671952,
        0.07522070386968553,
        0.03270653353240341,
        0.014682147827651352,
        0.013608838482713327,
        0.016961630832590162,
        0.024166095456294716,
        0.02256062566777691,
        0.0185495577708818,
        0.00946764495538082,
        0.004968601960304659,
        0.003352187006245367,
        0.003948224902350922,
        0.004776946879248135,
        0.004644435913092456,
        0.006999624238535762,
        0.007450081456662156,
        0.005915193427028134,
        0.005768354851845652,
        0.0035598747316747904,
        0.0021517677402123807,
        0.001942193838977255,
        0.0020581619940232485,
        0.0017334189625340514,
        0.0017112177805334795,
        0.0020979666701168753,
        0.0024703650043345986,
        0.002110397891723551,
        0.0016822175505803898,
        0.001277091475063935,
        0.0011091261348163243,
        0.0012956768710515462
    ],
    "train_acc": [
        24.9125,
        39.5675,
        47.41,
        53.2925,
        58.425,
        63.165,
        66.4925,
        71.305,
        74.3475,
        76.0125,
        79.5075,
        81.35,
        82.685,
        91.5525,
        95.5425,
        95.22,
        93.91,
        94.0175,
        94.2725,
        94.59,
        97.565,
        98.805,
        98.945,
        98.64,
        98.03,
        98.235,
        98.5625,
        99.2775,
        99.6575,
        99.775,
        99.7325,
        99.6875,
        99.7175,
        99.51,
        99.5075,
        99.59,
        99.575,
        99.77,
        99.875,
        99.8975,
        99.905,
        99.925,
        99.935,
        99.905,
        99.89,
        99.91,
        99.9425,
        99.95,
        99.9625,
        99.9625
    ],
    "val_loss": [
        2.138135605621338,
        1.8247494007110596,
        1.7139056272506714,
        1.6217597080230712,
        1.6785444667816163,
        1.7482784645080567,
        1.6716106758117675,
        1.7311922863006592,
        1.8722186531066896,
        1.8508134101867675,
        1.8824089374542237,
        1.9470214042663574,
        1.9410385288238525,
        1.946078863143921,
        2.065399727630615,
        2.1051908290863035,
        2.0959975479125976,
        2.1176792684555052,
        2.139051670074463,
        2.096500642967224,
        2.0506098011016847,
        2.110105163574219,
        2.1123740856170654,
        2.137273966217041,
        2.174887255859375,
        2.167395323944092,
        2.165207894897461,
        2.089792995071411,
        2.0607812492370607,
        2.0487848754882814,
        2.044386131286621,
        2.0179810276031493,
        2.02305498046875,
        2.0294258140563963,
        2.0102901390075685,
        1.9976038837432861,
        1.9891342163085937,
        1.971784574508667,
        1.9476782554626464,
        1.938126622581482,
        1.9224707445144653,
        1.9139190956115724,
        1.890440311050415,
        1.8860505561828613,
        1.862351160812378,
        1.8613511722564697,
        1.837814953994751,
        1.8310668146133422,
        1.8205917413711548,
        1.807313041114807
    ],
    "val_acc": [
        34.52,
        41.73,
        43.88,
        46.78,
        45.53,
        45.93,
        47.96,
        47.41,
        45.96,
        47.55,
        47.6,
        46.17,
        47.23,
        49.61,
        49.31,
        49.39,
        48.78,
        49.02,
        48.67,
        48.21,
        51.43,
        51.39,
        51.41,
        50.37,
        50.25,
        50.01,
        50.1,
        51.55,
        51.61,
        51.41,
        51.64,
        51.56,
        51.07,
        50.92,
        51.22,
        51.24,
        51.2,
        51.74,
        51.84,
        52.34,
        51.74,
        51.75,
        51.82,
        51.79,
        51.73,
        52.1,
        52.38,
        52.29,
        52.71,
        52.23
    ],
    "test_loss": [
        2.1445997264862062,
        1.8342412799835206,
        1.712882764816284,
        1.6331250932693482,
        1.6428004396438598,
        1.727210090827942,
        1.6751118881225586,
        1.7387332122802734,
        1.8292851181030274,
        1.8243172908782959,
        1.8772471855163575,
        1.9381102626800537,
        1.942631833267212,
        1.9450968627929688,
        2.07206897354126,
        2.078617668914795,
        2.0796813014984132,
        2.1040235931396483,
        2.13644312210083,
        2.1324384658813478,
        2.06408208694458,
        2.1316969524383547,
        2.126317834472656,
        2.159975941467285,
        2.154093032836914,
        2.1303353134155274,
        2.1195167640686035,
        2.057365092086792,
        2.0303002742767333,
        2.012492119216919,
        2.0071913055419923,
        1.9865007732391358,
        1.9999440322875977,
        2.0061845123291016,
        2.0080832424163817,
        1.9884849552154542,
        1.9873251899719238,
        1.9647502578735352,
        1.9363991775512694,
        1.9332141674041747,
        1.9128998878479004,
        1.9111644432067871,
        1.874436148071289,
        1.8793581691741943,
        1.8622836406707763,
        1.8492325992584229,
        1.8310706645965575,
        1.8268685228347779,
        1.8058145111083985,
        1.7919589979171753
    ],
    "test_acc": [
        34.95,
        42.35,
        44.38,
        46.76,
        47.71,
        46.32,
        48.06,
        47.41,
        45.95,
        47.21,
        47.85,
        46.57,
        47.56,
        50.85,
        49.96,
        49.95,
        49.42,
        49.58,
        49.09,
        49.0,
        51.57,
        51.57,
        51.27,
        50.78,
        50.61,
        50.58,
        51.76,
        52.41,
        52.15,
        52.13,
        52.36,
        51.96,
        52.0,
        51.39,
        51.6,
        51.25,
        51.47,
        52.03,
        52.34,
        52.02,
        52.45,
        51.87,
        52.39,
        52.16,
        51.83,
        51.83,
        52.15,
        52.4,
        52.61,
        52.2
    ]
}