{
    "train_loss": [
        4.111798819255829,
        3.5964842495918274,
        3.3124598176956175,
        3.113845361566544,
        2.8713370275974275,
        2.679573850917816,
        2.5531198734760285,
        2.391868715047836,
        2.2863190299510956,
        2.1839053998947144,
        2.0559370875120164,
        1.9267117086410523,
        1.8090863959789276,
        1.702370804643631,
        1.5902405587911606,
        1.4987914807081222,
        1.3972022454977036,
        1.3141546239495276,
        1.232632553446293,
        1.1499064638137817,
        1.0927500493168831,
        1.0271134227454661,
        0.9736250930070877,
        0.6388188347637653,
        0.5320969417005778,
        0.4817758783951402,
        0.44278531859368087
    ],
    "train_acc": [
        8.005,
        14.01,
        18.7375,
        22.23,
        26.8375,
        30.8825,
        33.755,
        36.6625,
        39.25,
        41.07,
        44.3225,
        47.13,
        49.895,
        52.47,
        55.1275,
        57.1475,
        59.755,
        61.7775,
        63.545,
        65.6175,
        67.1625,
        68.655,
        70.355,
        80.3975,
        83.3525,
        84.6675,
        85.8675
    ],
    "val_loss": [
        4.345433526611328,
        3.5127156032562254,
        3.233914403915405,
        3.792480261993408,
        3.0258014949798584,
        3.258198293876648,
        2.621170224189758,
        2.612527540206909,
        2.631826253700256,
        2.243983197116852,
        2.430120891189575,
        2.222625836753845,
        2.2794016441345213,
        2.239095009994507,
        2.248710491466522,
        2.246122518539429,
        2.290049536514282,
        2.3474946681022644,
        2.381266630363464,
        2.448495262813568,
        2.5031239440917967,
        2.5275150141716005,
        2.5978369875907896,
        2.7219297099113464,
        2.8650355328559876,
        2.9696276169776916,
        3.101907825469971
    ],
    "val_acc": [
        11.46,
        15.54,
        19.86,
        25.34,
        31.08,
        33.11,
        34.07,
        37.91,
        38.46,
        41.53,
        40.12,
        42.6,
        41.87,
        42.92,
        42.52,
        43.27,
        43.84,
        43.32,
        43.55,
        42.24,
        42.8,
        42.12,
        41.94,
        43.69,
        43.43,
        43.12,
        42.87
    ],
    "test_loss": [
        4.344285411834717,
        3.5268041496276856,
        3.2161287406921386,
        3.8327938665390016,
        2.942262365913391,
        3.157425766181946,
        2.6062159740447997,
        2.6313848663330077,
        2.6057065435409545,
        2.248197292995453,
        2.457403377914429,
        2.214333800125122,
        2.299961061668396,
        2.218757586288452,
        2.248749144268036,
        2.258459326171875,
        2.300469016265869,
        2.368244909763336,
        2.3733296635627745,
        2.448515172481537,
        2.4979810643196108,
        2.5247961854934693,
        2.5881687193870544,
        2.7164301919937133,
        2.860439268398285,
        2.9913829986572265,
        3.0956321561813356
    ],
    "test_acc": [
        11.32,
        15.46,
        20.59,
        24.91,
        32.79,
        32.88,
        34.54,
        37.75,
        38.25,
        40.94,
        40.11,
        42.29,
        41.72,
        42.98,
        42.94,
        43.7,
        43.89,
        43.0,
        43.71,
        43.44,
        42.85,
        43.08,
        42.28,
        43.91,
        43.5,
        43.02,
        42.83
    ]
}