{
    "train_loss": [
        4.563014441299439,
        4.17431374092102,
        3.951516501903534,
        3.7436430890083314,
        3.5352368200302124,
        3.278061606836319,
        3.0438568176031113,
        2.8857018857955934,
        2.7398730518579484,
        2.63482644071579,
        2.5350002459764482,
        2.4585263243079187,
        2.3834107407212257,
        2.32299894528389,
        2.264125193631649,
        2.210542896544933,
        2.1601971613407134,
        2.125690348803997,
        2.083177736890316,
        2.035620983886719,
        2.011148963141441,
        1.9730621995329858,
        1.945359097993374,
        1.9159470135331154,
        1.8849346078574658,
        1.8596958378612995,
        1.8302880584955215,
        1.8088200772047043,
        1.783963772189617,
        1.7592546808183194,
        1.7351382574796677,
        1.7232324897795916,
        1.701773799198866,
        1.679084978839755,
        1.4254861168295145,
        1.347229058149457,
        1.2975698158845306,
        1.2656378734976053,
        1.2443722378849984,
        1.2227604562431573,
        1.2081766145303845,
        1.1887127062290908,
        1.0198256407052277,
        0.9677186640113592,
        0.9398833593703806,
        0.9179184176914393
    ],
    "train_acc": [
        3.5325,
        5.9625,
        8.5975,
        11.565,
        14.9675,
        19.5525,
        24.1375,
        27.165,
        30.11,
        32.24,
        34.375,
        35.9775,
        37.6825,
        39.235,
        40.11,
        41.3,
        42.315,
        42.825,
        44.2075,
        45.3725,
        46.0075,
        46.66,
        47.2225,
        47.415,
        48.385,
        49.2175,
        49.385,
        50.2075,
        50.6725,
        51.2925,
        51.8825,
        51.7,
        52.59,
        53.2975,
        59.1725,
        61.42,
        62.4775,
        63.505,
        63.81,
        64.355,
        64.5625,
        64.96,
        69.805,
        70.74,
        71.74,
        72.3075
    ],
    "val_loss": [
        4.67591137638092,
        4.076990038490296,
        3.796920593261719,
        3.5609500593185426,
        3.187901365375519,
        3.0329867689132692,
        2.757873744678497,
        2.6616709976673127,
        2.535247848415375,
        2.4469770925998686,
        2.4333490731716156,
        2.4318964918613433,
        2.3645643308877946,
        2.3210039708137513,
        2.322192277431488,
        2.300549740409851,
        2.277403831100464,
        2.2697989357471466,
        2.2753168855667116,
        2.2925884991168974,
        2.2642521821975707,
        2.280898176956177,
        2.2812790730714796,
        2.26980074596405,
        2.3060674810886383,
        2.273571178340912,
        2.2981990014076232,
        2.3121379051685333,
        2.2986566329956055,
        2.358019209575653,
        2.3438175275325777,
        2.374667957854271,
        2.3463616355657577,
        2.3653227209329604,
        2.329662107861042,
        2.3511774264931677,
        2.3936634379148485,
        2.402159432923794,
        2.4715117532491684,
        2.4972153277218343,
        2.492111417150497,
        2.5211653411746027,
        2.512959937632084,
        2.623415596938133,
        2.6331502096891404,
        2.6444087496459483
    ],
    "val_acc": [
        5.15,
        8.12,
        11.68,
        15.15,
        21.0,
        25.41,
        29.43,
        31.81,
        34.64,
        36.17,
        36.69,
        37.06,
        38.89,
        40.09,
        39.08,
        40.3,
        40.52,
        41.43,
        41.4,
        40.97,
        41.21,
        41.4,
        41.9,
        41.57,
        41.75,
        42.09,
        41.49,
        42.16,
        42.13,
        41.49,
        41.45,
        40.96,
        41.62,
        41.01,
        43.65,
        43.86,
        43.04,
        43.39,
        42.16,
        42.62,
        42.96,
        42.14,
        43.58,
        42.52,
        42.53,
        42.64
    ],
    "test_loss": [
        4.7223577907562255,
        4.07218376197815,
        3.8166090414047242,
        3.5523372215270994,
        3.1756259275436403,
        3.015190822982788,
        2.748744805288315,
        2.6334704186677933,
        2.5105968023061753,
        2.4329815136432646,
        2.4337172446250914,
        2.413487762951851,
        2.3588426663160322,
        2.3061904147624968,
        2.299692092764378,
        2.3185163481235502,
        2.268858362054825,
        2.275847348964214,
        2.271429060792923,
        2.273125838184357,
        2.2719098913371565,
        2.267813516020775,
        2.259458872258663,
        2.2583451033592223,
        2.302012890636921,
        2.277402185899019,
        2.305002319765091,
        2.2738872584819796,
        2.2780895755290986,
        2.3359290469765663,
        2.323704756295681,
        2.3338427922964096,
        2.3168422537744044,
        2.341592157429457,
        2.307609509050846,
        2.3276697735100984,
        2.360602475810051,
        2.383941621631384,
        2.431553855422139,
        2.4861582017183306,
        2.4660830118536947,
        2.496320648741722,
        2.503119239127636,
        2.59516392788887,
        2.602149629545212,
        2.6401680037111044
    ],
    "test_acc": [
        4.85,
        8.34,
        11.82,
        14.58,
        21.5,
        25.5,
        29.71,
        33.17,
        35.0,
        37.32,
        36.98,
        36.93,
        38.66,
        39.59,
        40.46,
        40.19,
        41.6,
        41.23,
        41.21,
        41.29,
        41.4,
        42.18,
        42.38,
        42.29,
        41.69,
        42.33,
        41.82,
        42.5,
        42.53,
        41.92,
        41.95,
        42.02,
        42.41,
        42.24,
        43.73,
        44.18,
        44.11,
        43.95,
        43.56,
        43.29,
        42.95,
        43.06,
        43.79,
        43.12,
        43.32,
        42.8
    ]
}