{
    "train_loss": [
        5.073239440155029,
        4.335307456970215,
        4.308248120117187,
        4.278611248397827,
        4.273467259597778,
        4.2717297142028805,
        4.267763987350464,
        4.272035789108276,
        4.274081097030639,
        4.282080921173096,
        4.277932702255249,
        4.3204157970428465,
        4.199445007324218,
        4.190472333526611,
        4.184527411270142,
        4.1857669757843015,
        4.184055269622803,
        4.190008939743042,
        4.186112627792358,
        4.187544786453247,
        4.184055920410156,
        4.179636535263062,
        4.130744719696045,
        4.12688197555542,
        4.1186071884155275,
        4.117032129669189,
        4.119010595321655,
        4.114252354812622,
        4.110945068359375,
        4.10747414894104,
        4.093176390838623,
        4.081276969146728,
        4.0691346908569335,
        4.073360445022583,
        4.067714757156372,
        4.068239139556884,
        4.064312180328369,
        4.059656744003296,
        4.061350793457032,
        4.019921029281616,
        4.009901184463501,
        4.004944444656372,
        4.007494498443603,
        4.004361949920654,
        4.007303853607178,
        4.002752119064331,
        3.9993808815002443,
        3.966135631942749,
        3.9301186058044433,
        3.9144819595336915
    ],
    "train_acc": [
        2.0175,
        2.6725,
        2.99,
        3.3875,
        3.48,
        3.5175,
        3.455,
        3.3675,
        3.435,
        3.5475,
        3.3775,
        3.2975,
        3.76,
        3.84,
        3.8675,
        4.0225,
        4.0725,
        3.9675,
        3.825,
        3.985,
        3.92,
        3.8625,
        4.3825,
        4.4775,
        4.6425,
        4.5075,
        4.42,
        4.59,
        4.5875,
        4.7425,
        4.8375,
        4.9825,
        5.2225,
        5.2425,
        5.3325,
        5.3875,
        5.5425,
        5.4175,
        5.2,
        5.785,
        6.0975,
        6.3275,
        6.0,
        6.17,
        6.155,
        6.3275,
        6.275,
        7.0075,
        7.3375,
        7.45
    ],
    "val_loss": [
        4.891806907653809,
        4.409422234344483,
        4.414090251159668,
        4.509897839355469,
        4.329939465332031,
        4.266978977203369,
        4.42730539932251,
        4.229687108612061,
        4.256892808532715,
        4.2524567771911626,
        12.310223377990722,
        4.2988953956604,
        4.955059035491943,
        4.240138755798339,
        4.28954196395874,
        4.1826858245849605,
        4.415368514251709,
        5.355790417480469,
        5.820643717956543,
        4.612226435089111,
        4.859675161743164,
        4.67231628036499,
        4.093756742095947,
        4.221896240234375,
        4.148027418518066,
        4.17361852645874,
        4.24911524810791,
        4.118920959472656,
        4.083642620849609,
        4.189536460113525,
        4.073542765808106,
        4.129666504669189,
        4.089707592010498,
        4.4183772270202635,
        4.373174708557129,
        4.123068481445313,
        4.124628311920166,
        4.406841286468506,
        4.664178321838379,
        3.988842311859131,
        4.084331546783448,
        4.0125982955932615,
        4.020723204040527,
        4.105822011566162,
        4.991666738128662,
        4.075066860198975,
        4.060499897766113,
        4.003885566711426,
        3.9253565574645997,
        3.879619283294678
    ],
    "val_acc": [
        2.23,
        2.04,
        3.02,
        2.59,
        2.99,
        3.64,
        2.82,
        3.49,
        3.03,
        3.17,
        2.84,
        2.46,
        1.78,
        3.8,
        3.64,
        3.84,
        2.44,
        1.62,
        2.17,
        1.6,
        1.74,
        2.82,
        4.26,
        3.95,
        4.42,
        4.02,
        3.55,
        4.36,
        4.73,
        4.12,
        4.77,
        4.81,
        5.2,
        3.58,
        4.43,
        4.83,
        4.57,
        4.13,
        3.09,
        6.54,
        6.17,
        5.75,
        6.6,
        5.85,
        3.54,
        5.54,
        5.99,
        5.68,
        7.91,
        7.4
    ],
    "test_loss": [
        4.917507936859131,
        4.406260324859619,
        4.4268764228820805,
        4.557148751068115,
        4.334628396606445,
        4.276537208557129,
        4.454958902740478,
        4.226226360321045,
        4.261402030944824,
        4.250440824890137,
        11.929642831420898,
        4.295451255035401,
        4.94666773147583,
        4.254198139953613,
        4.299027067565918,
        4.192432965087891,
        4.417924367523193,
        5.307422132110596,
        5.846905773162842,
        4.603370179748535,
        4.863184541320801,
        4.688294760894776,
        4.114644667053223,
        4.251603005981445,
        4.156847624969482,
        4.203736675262451,
        4.252624935913086,
        4.139249450683594,
        4.0947336624145505,
        4.2201306289672855,
        4.093129559326172,
        4.136868816375732,
        4.096384943389893,
        4.398632847595215,
        4.364321820831299,
        4.123899561309814,
        4.131134301757813,
        4.410855029296875,
        4.713258634948731,
        4.000868695831299,
        4.09202850189209,
        4.024390906524658,
        4.026147863769531,
        4.142750219726563,
        4.9913759056091305,
        4.1009921875,
        4.062473706817627,
        4.0108678382873535,
        3.92468815612793,
        3.8864061180114744
    ],
    "test_acc": [
        1.95,
        2.13,
        2.74,
        2.54,
        2.97,
        3.61,
        2.56,
        3.64,
        3.04,
        3.15,
        2.98,
        2.59,
        1.62,
        3.86,
        3.44,
        3.62,
        2.65,
        1.66,
        2.16,
        1.72,
        1.64,
        2.83,
        3.74,
        3.84,
        4.21,
        3.86,
        3.03,
        4.38,
        4.94,
        4.0,
        4.73,
        5.0,
        5.09,
        3.33,
        4.49,
        4.59,
        4.52,
        4.31,
        3.2,
        6.48,
        5.96,
        6.07,
        6.35,
        5.42,
        3.5,
        5.54,
        6.33,
        6.07,
        7.79,
        7.81
    ]
}