{
    "train_loss": [
        3.011568969154358,
        1.9275432134628296,
        1.474281628894806,
        1.1486833925247193,
        0.8769002439975738,
        0.6581199412345886,
        0.48978211219310763,
        0.3692008323073387,
        0.28594292167425156,
        0.23863958778977395,
        0.1997225716471672,
        0.17691714919805526,
        0.0954357622474432,
        0.05645026205778122,
        0.04603259322568774,
        0.043387778489291665,
        0.04336479036435485,
        0.046053552725166085,
        0.04176112784147262,
        0.04556148382797837,
        0.04086604027301073,
        0.03703984440639615,
        0.02451878285072744,
        0.018551712164282797,
        0.015593470254354178,
        0.014561314020119608,
        0.013657345060259105,
        0.015077052929066121,
        0.014066754999011754,
        0.01269636556673795,
        0.01375022448739037,
        0.01338121439460665,
        0.012846455651521684,
        0.012253325477335602,
        0.011708520630188287,
        0.011168347240053117,
        0.009164830586407333,
        0.008133601906523109,
        0.007763849305827171,
        0.006705451469030232,
        0.005942562952078879,
        0.006440736269345507,
        0.006029643363784999,
        0.00510177236259915,
        0.004988580231368542,
        0.004432080770190805,
        0.004369449316244572
    ],
    "train_acc": [
        28.4075,
        48.2625,
        59.045,
        67.525,
        74.73,
        80.9,
        85.8075,
        89.42,
        91.815,
        93.2225,
        94.225,
        94.8475,
        97.6025,
        98.7825,
        99.07,
        99.0475,
        99.0175,
        98.9225,
        99.01,
        98.8775,
        98.9825,
        99.06,
        99.5,
        99.635,
        99.7125,
        99.7325,
        99.76,
        99.6775,
        99.7275,
        99.725,
        99.715,
        99.7325,
        99.735,
        99.765,
        99.7675,
        99.8025,
        99.8325,
        99.855,
        99.8275,
        99.89,
        99.915,
        99.89,
        99.8975,
        99.9325,
        99.9175,
        99.9425,
        99.93
    ],
    "val_loss": [
        2.1961600620269777,
        1.8883978481292725,
        1.8156581438064576,
        1.798518433380127,
        1.8593791374206543,
        1.9056318788528441,
        1.977996060180664,
        2.0721551696777345,
        2.1444561332702636,
        2.203634499359131,
        2.29865411529541,
        2.404278092956543,
        2.3062169218063353,
        2.3180312797546385,
        2.3648924057006835,
        2.4030264263153076,
        2.4599070125579834,
        2.4653880113601683,
        2.5396901153564455,
        2.5320792530059815,
        2.5578271827697754,
        2.5890571424484254,
        2.5035174421310424,
        2.5195162117004393,
        2.537568606567383,
        2.5304752017974854,
        2.5445109920501707,
        2.5407082237243652,
        2.543831978607178,
        2.547780591583252,
        2.5522479274749754,
        2.555818536758423,
        2.565396727371216,
        2.580193745803833,
        2.571410981750488,
        2.5768287250518798,
        2.5535728246688842,
        2.561000475311279,
        2.5454236099243164,
        2.536600792312622,
        2.541429349899292,
        2.558893825149536,
        2.554162537384033,
        2.538574710845947,
        2.529853327178955,
        2.520910527801514,
        2.5266472110748293
    ],
    "val_acc": [
        42.68,
        49.08,
        51.61,
        52.88,
        52.84,
        53.57,
        52.93,
        53.16,
        52.95,
        53.3,
        53.24,
        52.28,
        53.83,
        54.35,
        54.34,
        54.88,
        53.76,
        54.43,
        53.97,
        53.76,
        54.16,
        54.46,
        55.06,
        54.73,
        54.8,
        54.96,
        55.11,
        54.72,
        55.2,
        55.32,
        54.92,
        55.01,
        54.57,
        54.66,
        55.08,
        54.82,
        55.47,
        55.43,
        55.36,
        55.36,
        55.08,
        54.94,
        55.06,
        55.38,
        55.27,
        55.46,
        55.35
    ],
    "test_loss": [
        2.181148154449463,
        1.8757438522338867,
        1.8034954566955566,
        1.7923735157012939,
        1.84675840549469,
        1.8923114166259765,
        1.9666737943649293,
        2.0650737442016602,
        2.1435632431030274,
        2.2129572340011596,
        2.290328991699219,
        2.3500010021209716,
        2.2771337982177733,
        2.3069891662597657,
        2.3640421516418457,
        2.3828000299453733,
        2.438002841567993,
        2.4757349159240722,
        2.520031457519531,
        2.5256966663360596,
        2.5449957321166994,
        2.564161242675781,
        2.5107276565551757,
        2.4853664222717287,
        2.5051131252288816,
        2.5134539270401,
        2.51936852645874,
        2.5459461261749268,
        2.5370760845184326,
        2.54065135307312,
        2.547678442764282,
        2.534007762145996,
        2.5510102241516113,
        2.5528528861999513,
        2.5304855827331543,
        2.554817922592163,
        2.528901483154297,
        2.535718119049072,
        2.5293657554626465,
        2.5331275646209717,
        2.5343941444396973,
        2.5408959781646727,
        2.5498445709228514,
        2.531244840621948,
        2.524889900588989,
        2.5282959022521974,
        2.519770051574707
    ],
    "test_acc": [
        42.44,
        49.28,
        51.55,
        52.52,
        53.01,
        53.11,
        53.48,
        53.59,
        53.0,
        53.08,
        52.72,
        53.17,
        54.71,
        55.05,
        54.6,
        54.88,
        54.48,
        54.45,
        54.2,
        54.35,
        54.38,
        54.74,
        55.31,
        55.29,
        55.15,
        55.22,
        55.29,
        55.32,
        55.31,
        55.13,
        55.35,
        55.25,
        55.27,
        55.39,
        56.0,
        55.62,
        55.9,
        56.03,
        56.09,
        55.9,
        56.17,
        55.71,
        55.73,
        55.97,
        56.21,
        56.02,
        56.13
    ]
}