{
    "train_loss": [
        3.3481161432266235,
        2.7197726514816285,
        2.4059976245880126,
        2.2046677695274353,
        2.0138015578269957,
        1.7567132606506348,
        1.5753152286529541,
        1.4421197504997254,
        1.2394674851417542,
        1.0791886841535567,
        0.9112914974927903,
        0.8089042478561401,
        0.7021045560598373,
        0.6040559688568116,
        0.5461529382407665,
        0.49690682228803634,
        0.21465472752451897,
        0.1342519109353423,
        0.14316322047263383,
        0.14769492206051946
    ],
    "train_acc": [
        19.7025,
        30.0275,
        36.555,
        41.24,
        45.05,
        50.9125,
        55.33,
        58.4,
        63.5875,
        67.5775,
        72.03,
        74.7375,
        77.7425,
        80.9925,
        82.5425,
        84.2025,
        93.54,
        95.9875,
        95.4475,
        95.315
    ],
    "val_loss": [
        2.864483061218262,
        2.4630399250030517,
        2.4952302570343017,
        2.4790910091400145,
        2.1003621734619142,
        2.10625827331543,
        2.0927405559539793,
        2.0963275730133057,
        2.1627154670715334,
        2.243756091308594,
        2.261898663330078,
        2.402636388397217,
        2.5383537895202637,
        2.52297720413208,
        2.622603016281128,
        2.698000563812256,
        2.79223433303833,
        3.017577409362793,
        3.089349001312256,
        3.109496266937256
    ],
    "val_acc": [
        27.48,
        36.29,
        37.74,
        35.98,
        43.85,
        45.29,
        45.76,
        46.09,
        45.35,
        47.82,
        46.81,
        45.13,
        45.11,
        46.12,
        45.59,
        45.64,
        47.58,
        47.34,
        46.94,
        47.5
    ],
    "test_loss": [
        2.8622453105926513,
        2.4295473777770997,
        2.4339899936676024,
        2.4671754444122316,
        2.066675140762329,
        2.087976836013794,
        2.07428789100647,
        2.0824886821746826,
        2.1570189743041994,
        2.210977691268921,
        2.2523515575408934,
        2.4055473766326902,
        2.545834726715088,
        2.5536555202484132,
        2.639484654998779,
        2.705721767807007,
        2.846270523452759,
        3.069827556991577,
        3.1361560905456543,
        3.2170849338531493
    ],
    "test_acc": [
        27.8,
        35.9,
        37.64,
        36.66,
        45.21,
        45.16,
        46.51,
        46.72,
        45.85,
        47.13,
        47.04,
        45.69,
        45.56,
        45.84,
        46.18,
        45.98,
        48.61,
        47.2,
        46.65,
        47.2
    ]
}