{
    "train_loss": [
        2.812080897903442,
        1.9993050931930543,
        1.638264966392517,
        1.3633060823440553,
        1.1509315807342528,
        0.9533732259750366,
        0.8029906728744507,
        0.6701942647933959,
        0.5618253563880921,
        0.48329540305137636,
        0.40854783344268797,
        0.3441942677974701,
        0.14277032004594803,
        0.04228773590326309,
        0.02450937551856041,
        0.016700268191844225,
        0.022316121058166025,
        0.050588706706464294,
        0.17087998156547546,
        0.15042512811422348,
        0.08870318114161492,
        0.06648093976974487,
        0.028478763981163502,
        0.009433256321772932,
        0.005287733170390129,
        0.004504609557241202,
        0.003807058292999864,
        0.0038385550832375883,
        0.006116528326459229,
        0.00757631115205586,
        0.015597155134752393,
        0.06752233335077762,
        0.044286229759454725,
        0.013714197731018066,
        0.005608776638656855,
        0.004059808020852506,
        0.0037499756675213576
    ],
    "train_acc": [
        29.7675,
        45.9575,
        54.275,
        61.25,
        66.305,
        71.65,
        75.4525,
        79.2875,
        82.48,
        84.755,
        86.84,
        88.96,
        95.6125,
        99.0025,
        99.5775,
        99.6925,
        99.4975,
        98.5425,
        94.6175,
        95.195,
        97.26,
        98.0125,
        99.26,
        99.85,
        99.9375,
        99.945,
        99.96,
        99.955,
        99.89,
        99.875,
        99.625,
        98.0525,
        98.7325,
        99.695,
        99.9175,
        99.955,
        99.94
    ],
    "val_loss": [
        2.4007036640167234,
        2.153234453201294,
        2.0879804077148436,
        1.9929829761505127,
        2.0508418018341064,
        2.045832013320923,
        2.1641564449310304,
        2.2646522018432615,
        2.337367283630371,
        2.4004576019287107,
        2.5493549713134764,
        2.7427949855804443,
        2.4027295696258544,
        2.4497549697875978,
        2.528858833694458,
        2.582372981643677,
        2.6562827697753906,
        2.9107557483673094,
        2.940890298843384,
        2.7894185729980467,
        2.762790580368042,
        2.803009702682495,
        2.662395762634277,
        2.6511225170135497,
        2.647544207382202,
        2.6341508094787596,
        2.6105446590423584,
        2.577731357574463,
        2.6080949157714843,
        2.61077947769165,
        2.7513612609863283,
        2.812939286804199,
        2.776256812286377,
        2.6697674816131594,
        2.66597905960083,
        2.6468489276885987,
        2.633247550582886
    ],
    "val_acc": [
        37.54,
        43.97,
        45.82,
        48.61,
        48.27,
        50.27,
        49.44,
        49.94,
        49.92,
        49.93,
        49.65,
        48.17,
        53.85,
        53.88,
        54.03,
        54.15,
        53.16,
        50.25,
        49.02,
        51.3,
        51.98,
        51.78,
        54.28,
        54.24,
        54.47,
        54.57,
        54.87,
        54.81,
        54.21,
        54.14,
        52.53,
        51.6,
        51.9,
        53.48,
        53.47,
        53.54,
        53.46
    ],
    "test_loss": [
        2.3966347259521483,
        2.143019524383545,
        2.0673985378265383,
        1.9922449405670166,
        2.0769538883209226,
        2.0675503856658937,
        2.1758204914093016,
        2.277667970275879,
        2.328556494140625,
        2.4377275329589843,
        2.5784571029663086,
        2.7678714820861816,
        2.457959413146973,
        2.5012697200775147,
        2.583898931503296,
        2.633754345703125,
        2.712605390548706,
        2.991315674972534,
        2.9473284301757814,
        2.8704807899475098,
        2.833924314880371,
        2.88790442276001,
        2.744272690963745,
        2.7171777992248534,
        2.7247194664001464,
        2.69281872215271,
        2.67307371673584,
        2.633113300704956,
        2.6801637496948243,
        2.6632199546813964,
        2.8162498611450197,
        2.9126182235717772,
        2.8486044883728026,
        2.7634807319641115,
        2.743607819747925,
        2.7281782905578615,
        2.7027916801452636
    ],
    "test_acc": [
        38.18,
        44.06,
        46.2,
        48.58,
        48.04,
        49.47,
        49.65,
        49.56,
        50.41,
        49.53,
        48.69,
        48.37,
        53.31,
        53.37,
        53.56,
        53.41,
        52.79,
        50.31,
        48.96,
        50.96,
        51.16,
        51.3,
        53.05,
        53.44,
        53.5,
        53.49,
        54.11,
        54.15,
        53.26,
        53.59,
        51.91,
        50.5,
        51.75,
        52.78,
        53.31,
        52.98,
        53.3
    ]
}